{
  "svm": 0.6122297926272909,
  "rf": 0.6148320864436787,
  "gb": 0.6077719416671699
}